Model,Full Name,Parameters (M),Size (MB),Avg Time (ms),Std (ms),FPS,Detections
YOLOv8n,YOLOv8-Nano,3.1572,6.246372222900391,50.92332363128662,4.891920553644505,19.63736709804254,6
YOLOv8s,YOLOv8-Small,11.16656,21.54233169555664,104.81395721435547,14.714799876611732,9.540714105039426,5
YOLOv8m,YOLOv8-Medium,25.90264,49.72160720825195,219.99547481536865,11.657065490231657,4.545548042927932,5
