Model,Full Name,Parameters (M),Size (MB),Avg Time (ms),Std (ms),FPS,Detections
YOLOv8n,YOLOv8-Nano,3.1572,6.246372222900391,156.219482421875,29.267579657496384,6.401250244188318,6
YOLOv8s,YOLOv8-Small,11.16656,21.54233169555664,290.4541254043579,124.59201243740867,3.4428844782557055,5
YOLOv8m,YOLOv8-Medium,25.90264,49.72160720825195,433.2261085510254,77.97778355093425,2.3082634685721395,5
